,SCLL-545,SCLL-546,SCLL-547,SCLL-548,SCLL-493,SCLL-494,SCLL-531,SCLL-532,SCLL-533
chr10_108923933_C>T,0,0,0,0,1,1,1,1,1
chr12_6085323_C>T,1,1,1,1,0,0,0,0,0
chr13_53217279_C>T,0,0,0,0,1,1,1,1,1
chr15_69331208_C>T,0,0,0,0,1,1,1,1,1
chr15_80467384_C>T,0,0,0,0,1,1,1,1,1
chr16_737354_C>T,0,0,0,0,1,1,1,1,1
chr16_89211718_C>T,0,0,0,0,1,1,1,1,1
chr17_18145294_C>T,1,1,1,1,0,0,0,0,0
chr18_29211105_C>T,0,0,0,0,1,1,1,1,1
chr1_211529801_C>T,0,0,0,0,1,1,1,1,1
chr20_18476488_C>T,1,1,1,1,0,0,0,0,0
chr2_196681639_C>T,0,0,0,0,1,1,1,1,1
chr2_61719472_C>T,1,1,1,1,0,0,0,0,0
chr3_44612654_C>T,0,0,0,0,1,1,1,1,1
chr4_110972739_C>T,1,1,1,1,0,0,0,0,0
chr5_127614521_C>T,0,0,0,0,1,1,1,1,1
chr6_6266886_C>T,1,1,1,1,0,0,0,0,0
chr7_116340107_C>T,0,0,0,0,1,1,1,1,1
chr7_31102892_C>T,0,0,0,0,1,1,1,1,1
chrX_108784835_C>T,1,1,1,1,0,0,0,0,0
chrX_114869227_C>T,1,1,1,1,0,0,0,0,0
chrX_12939146_C>T,1,1,1,1,0,0,0,0,0
chrX_129543262_C>T,1,1,1,1,0,0,0,0,0
chrX_153222109_C>T,1,1,1,1,0,0,0,0,0
chrX_154215572_C>T,1,1,1,1,0,0,0,0,0
chrX_154490394_C>T,1,1,1,1,0,0,0,0,0
chrX_21874818_C>T,1,1,1,1,0,0,0,0,0
chrX_29301248_C>T,1,1,1,1,0,0,0,0,0
chrX_3241141_C>T,1,1,1,1,0,0,0,0,0
chrX_55247825_C>T,1,1,1,1,0,0,0,0,0
chrX_73960742_C>T,1,1,1,1,0,0,0,0,0
chrX_91134079_C>T,1,1,1,1,0,0,0,0,0
